{"cameraMode":{"drawMode":0,"name":"Shaded","section":"Shading Mode"},"sceneLighting":true,"audioPlay":false,"sceneViewState":{"m_AlwaysRefresh":false,"showFog":true,"showSkybox":true,"showFlares":true,"showImageEffects":true,"showParticleSystems":true,"showVisualEffectGraphs":true,"m_FxEnabled":true},"in2DMode":false,"pivot":{"x":55.77997589111328,"y":-116.20452880859375,"z":212.436767578125},"rotation":{"x":0.2408592402935028,"y":-0.021536128595471383,"z":0.005344342906028032,"w":0.9703184366226196},"size":174.34988403320313,"orthographic":false}